{"cameraMode":{"drawMode":0,"name":"Shaded","section":"Shading Mode"},"sceneLighting":true,"audioPlay":false,"sceneViewState":{"showFog":false,"showMaterialUpdate":false,"showSkybox":false,"showFlares":false,"showImageEffects":false,"showParticleSystems":false},"in2DMode":false,"pivot":{"x":253.9555206298828,"y":38.275020599365237,"z":-60.7479133605957},"rotation":{"x":-0.009053611196577549,"y":-0.7271180748939514,"z":-0.009591633453965187,"w":0.6863890886306763},"size":22.0,"orthographic":false}